name,EmailAddress
Insight Browser,press@insightbrowser.com'}]
Inkle,hello@inkle.io'}]
Ingeniux,info@ingeniux.com'}
Indeema Software,support@indeema.com'}
Immigo,chelsea@immigo.io'}]
I AM,contact@i-am.pt'}]
Humanoid,info@speakertext.com'}]
HubPitch,sales@hubpitch.com'}]
Hoverstate,info@hoverstate.com'}]
Heyday,hey@heyday.co'}
Hearken,founders@wearehearken.com'}
Harbour,support@harbourshare.com'}]
Happy Cog,hello@happycog.com'}
GuestCentric Systems,marketing@guestcentric.com'}]
GrooveJar,support@groovejar.com'}]
Grayscale,hello@grayscale.com.hk'}]
Glide,hello@glideapps.com'}
Fruition,brad@fruition.net'}
Foody,support@joinfoody.com'}]
Flow,founders@enterflow.app'}]
Fixie,info@fixieconsulting.com'}]
Fiver Labs,info@fiverlabs.com'}]
Feedonomics,hello@feedonomics.com'}]
FeaturePeek,hello@featurepeek.com'}]
Fable,founders@tryfable.com'}]
ePublishing,service@ePublishing.com'}]
ePropose,info@ePropose.com'}]
Enwoven,hello@enwoven.com'}]
Element Solutions,engage.us@elementsolutions.com'}
Elegant Themes,support@elegantthemes.com'}]
Ehmiat,hello@ehmiat.com'}]
Dylibso,hello@dylib.so'}]
Duda,info@duda.co'}]
Dosensio,contact@dosensio.com'}]
DigiZag,info@digizag.com'}]
DevBase,hello@devbase.us'}
Design Action Collective,info@designaction.org'}]
Degree3,joel@degree3.com'}]
Cykod,info@cykod.com'}]
Crownpeak,info@crownpeak.com'}
Createra,contact@createra.fun'}]
Covington Creative,info@covingtoncreative.com'}]
Sender,Hello@sender.agency'}
Convex,info@convex.dev'}]
CM4all,press@cm4all.com'}
CONCIERGEpad,hello@getconciergepad.com'}]
Common Code,weare@commoncode.io'}]
Commerce Guys,info@commerceguys.com'}]
Collecta,pfm@collecta.co'}]
Collab Asia,contact@collabasia.co'}
Coil,info@coil.com'}]
CodeStream,support@codestream.com'}
Codazen,info@codazen.com'}
Coast,hey@trycoast.com'}]
CloudPeeps,hello@cloudpeeps.com'}]
click5 Interactive,info@click5interactive.com'}]
Chaos Labs,support@chaoslabs.xyz'}]
Champify,team@champify.io'}]
Catalog-on-Demand,sales@catalog-on-demand.com'}]
Carbon Five,info@carbonfive.com'}
Captiv8,founders@captiv8.io'}
Candy Digital,info@candydigital.co'}]
Bukwild,hello@bukwild.com'}]
Bugsnag,support@bugsnag.com'}]
Bubble,support@bubble.io'}
Brickfish,info@brickfish.com'}]
Brandcast,info@brandcast.com'}]
Brace,support@brace.io'}]
Blossom,hello@blossom.co'}
BentoBox,hello@getbento.com'}
B12,hello@b12.io'}
aviso,support@avisohq.com'}]
Avenue One,info@avenueonewebdesign.com'}
Author-it Software,sales@author-it.com'}]
Aspect,founders@aspect.app'}
Appwrite,team@appwrite.io'}
Appstores,hello@appstores.com'}]
Appetas,keller@appetas.com'}]
Apostrophe,hello@apostrophecms.com'}]
AngularClass,patrick@angularclass.com'}]
Amplifi.io,kgarff@amplifi.io'}]
Ample,josh@helloample.com'}]
Alexandria Labs,amelie@alexandrialabs.xyz'}]
Afwego,support@afwego.com'}]
Aerobatic,support@aerobatic.com'}]
Action Online Technologies,sales@ihealthspot.com'}]
5Degrees,rich@5degrees.us'}]
